{
  "experiment": "param_shift",
  "train_dataset": "data\\processed\\full",
  "shift_dataset": "data\\processed\\shift",
  "shift_runs": [
    "bursty-20260716-050810-250cbc",
    "file_burst-20260716-050249-ccfa92",
    "leak-20260716-050525-fb7c5c",
    "mixed-20260716-051314-297ddc",
    "steady-20260716-050017-91796c",
    "trace_replay-20260716-051052-867498"
  ],
  "n_shift_windows": 588,
  "results": [
    {
      "model": "rf",
      "variant": "no_psi",
      "n": 588,
      "mae_mib": 20.7662540546342,
      "rmse_mib": 34.38633042001923,
      "underprediction_rate": 0.3707482993197279,
      "per_workload": {
        "bursty": {
          "n": 101,
          "mae_mib": 4.177630341703254,
          "rmse_mib": 4.91731059701758
        },
        "file_burst": {
          "n": 92,
          "mae_mib": 17.846414700062514,
          "rmse_mib": 18.19373138375602
        },
        "leak": {
          "n": 104,
          "mae_mib": 12.241108085784482,
          "rmse_mib": 25.327984909932827
        },
        "mixed": {
          "n": 121,
          "mae_mib": 30.830747273106468,
          "rmse_mib": 31.073904399335312
        },
        "steady": {
          "n": 90,
          "mae_mib": 3.802913065441679,
          "rmse_mib": 5.137635905857134
        },
        "trace_replay": {
          "n": 80,
          "mae_mib": 60.01110912937388,
          "rmse_mib": 77.17181735243739
        }
      },
      "normalized_mae": 0.09110567819201935,
      "bootstrap_ci": {
        "mae_mib": 20.7662540546342,
        "ci_low": 18.587653403131853,
        "ci_high": 23.083864207227098,
        "n": 588,
        "n_boot": 2000,
        "alpha": 0.05
      }
    },
    {
      "model": "rf",
      "variant": "with_psi",
      "n": 588,
      "mae_mib": 21.59465732794364,
      "rmse_mib": 35.82125857389786,
      "underprediction_rate": 0.3656462585034014,
      "per_workload": {
        "bursty": {
          "n": 101,
          "mae_mib": 4.941499791120317,
          "rmse_mib": 5.691426041495759
        },
        "file_burst": {
          "n": 92,
          "mae_mib": 18.790203467614646,
          "rmse_mib": 19.017683545013085
        },
        "leak": {
          "n": 104,
          "mae_mib": 12.512878586975638,
          "rmse_mib": 26.154641044826242
        },
        "mixed": {
          "n": 121,
          "mae_mib": 30.894157545677963,
          "rmse_mib": 31.133105013710136
        },
        "steady": {
          "n": 90,
          "mae_mib": 4.4512260598086035,
          "rmse_mib": 6.192414456834036
        },
        "trace_replay": {
          "n": 80,
          "mae_mib": 62.87156911814857,
          "rmse_mib": 81.0924233361873
        }
      },
      "normalized_mae": 0.09474004777224236,
      "bootstrap_ci": {
        "mae_mib": 21.59465732794364,
        "ci_low": 19.31997859738579,
        "ci_high": 23.941588888242205,
        "n": 588,
        "n_boot": 2000,
        "alpha": 0.05
      }
    },
    {
      "model": "xgb",
      "variant": "no_psi",
      "n": 588,
      "mae_mib": 23.757748143202594,
      "rmse_mib": 41.871304682495946,
      "underprediction_rate": 0.564625850340136,
      "per_workload": {
        "bursty": {
          "n": 101,
          "mae_mib": 5.0245294854192455,
          "rmse_mib": 6.454415989682373
        },
        "file_burst": {
          "n": 92,
          "mae_mib": 22.985811814017918,
          "rmse_mib": 23.133884027089625
        },
        "leak": {
          "n": 104,
          "mae_mib": 13.607066374558668,
          "rmse_mib": 27.749977355139432
        },
        "mixed": {
          "n": 121,
          "mae_mib": 21.30028439356276,
          "rmse_mib": 21.343788559910752
        },
        "steady": {
          "n": 90,
          "mae_mib": 13.215459696451823,
          "rmse_mib": 13.656056242659261
        },
        "trace_replay": {
          "n": 80,
          "mae_mib": 77.06903820037842,
          "rmse_mib": 101.57808898550624
        }
      },
      "normalized_mae": 0.10422995650573957,
      "bootstrap_ci": {
        "mae_mib": 23.757748143202594,
        "ci_low": 21.18847161831499,
        "ci_high": 26.66686053957258,
        "n": 588,
        "n_boot": 2000,
        "alpha": 0.05
      }
    },
    {
      "model": "xgb",
      "variant": "with_psi",
      "n": 588,
      "mae_mib": 22.311109607722482,
      "rmse_mib": 40.39882351072544,
      "underprediction_rate": 0.5629251700680272,
      "per_workload": {
        "bursty": {
          "n": 101,
          "mae_mib": 6.040874216816213,
          "rmse_mib": 6.990676088215361
        },
        "file_burst": {
          "n": 92,
          "mae_mib": 20.948158098303754,
          "rmse_mib": 21.135379368035643
        },
        "leak": {
          "n": 104,
          "mae_mib": 13.705880385178785,
          "rmse_mib": 27.461619407403834
        },
        "mixed": {
          "n": 121,
          "mae_mib": 16.43793657791516,
          "rmse_mib": 16.518324166194255
        },
        "steady": {
          "n": 90,
          "mae_mib": 13.501981438530816,
          "rmse_mib": 13.98563851074414
        },
        "trace_replay": {
          "n": 80,
          "mae_mib": 74.3999174118042,
          "rmse_mib": 99.03103463750615
        }
      },
      "normalized_mae": 0.0978832661239847,
      "bootstrap_ci": {
        "mae_mib": 22.311109607722482,
        "ci_low": 19.779476751599994,
        "ci_high": 25.125484275169114,
        "n": 588,
        "n_boot": 2000,
        "alpha": 0.05
      }
    },
    {
      "model": "persistence",
      "variant": "n/a",
      "n": 588,
      "mae_mib": 30.612391050170068,
      "rmse_mib": 68.20383417012432,
      "underprediction_rate": 0.8656462585034014,
      "per_workload": {
        "bursty": {
          "n": 101,
          "mae_mib": 125.64866955445545,
          "rmse_mib": 150.88333984532164
        },
        "file_burst": {
          "n": 92,
          "mae_mib": 0.5360478940217391,
          "rmse_mib": 0.6681858527574143
        },
        "leak": {
          "n": 104,
          "mae_mib": 20.12158203125,
          "rmse_mib": 41.48344888041586
        },
        "mixed": {
          "n": 121,
          "mae_mib": 1.5829674586776858,
          "rmse_mib": 6.139308523358572
        },
        "steady": {
          "n": 90,
          "mae_mib": 0.08932291666666667,
          "rmse_mib": 0.11542364693843911
        },
        "trace_replay": {
          "n": 80,
          "mae_mib": 37.100390625,
          "rmse_mib": 56.16032595439338
        }
      }
    },
    {
      "model": "heuristic",
      "variant": "n/a",
      "n": 588,
      "mae_mib": 13.328515292835885,
      "rmse_mib": 34.78853672078539,
      "underprediction_rate": 0.5867346938775511,
      "per_workload": {
        "bursty": {
          "n": 101,
          "mae_mib": 0.019941212871286793,
          "rmse_mib": 0.054423425361071434
        },
        "file_burst": {
          "n": 92,
          "mae_mib": 0.021340013586957696,
          "rmse_mib": 0.029568389151704358
        },
        "leak": {
          "n": 104,
          "mae_mib": 21.888634314903847,
          "rmse_mib": 44.23712425277988
        },
        "mixed": {
          "n": 121,
          "mae_mib": 2.0028215392561957,
          "rmse_mib": 7.601454120141472
        },
        "steady": {
          "n": 90,
          "mae_mib": 0.04384765624999747,
          "rmse_mib": 0.15242510153190764
        },
        "trace_replay": {
          "n": 80,
          "mae_mib": 66.38104980468749,
          "rmse_mib": 79.14451581802997
        }
      }
    }
  ],
  "created": "2026-07-16T15:28:00"
}